<?xml version="1.0" encoding="UTF-8"?>
<GenRun Id="adder_synth_1" LaunchPart="xc7a200tfbv484-2" LaunchTime="1625087654">
  <File Type="PA-TCL" Name="adder.tcl"/>
  <File Type="REPORTS-TCL" Name="adder_reports.tcl"/>
  <File Type="RDS-RDS" Name="adder.vds"/>
  <File Type="RDS-UTIL" Name="adder_utilization_synth.rpt"/>
  <File Type="RDS-UTIL-PB" Name="adder_utilization_synth.pb"/>
  <File Type="RDS-DCP" Name="adder.dcp"/>
  <FileSet Name="sources" Type="BlockSrcs" RelSrcDir="$PSRCDIR/adder">
    <File Path="$PSRCDIR/sources_1/ip/adder/adder.xci">
      <FileInfo>
        <Attr Name="ImportPath" Val="$PPRDIR/../../../../../../../../Desktop/Workplace/Reverse_Polish_Notation/Reverse_Polish_Notation.srcs/sources_1/ip/adder/adder.xci"/>
        <Attr Name="ImportTime" Val="1625085459"/>
        <Attr Name="UsedIn" Val="synthesis"/>
        <Attr Name="UsedIn" Val="implementation"/>
        <Attr Name="UsedIn" Val="simulation"/>
      </FileInfo>
    </File>
    <Config>
      <Option Name="TopModule" Val="adder"/>
      <Option Name="UseBlackboxStub" Val="1"/>
    </Config>
  </FileSet>
  <FileSet Name="constrs_in" Type="BlockSrcs" RelSrcDir="$PSRCDIR/adder">
    <File Path="$PSRCDIR/sources_1/ip/adder/adder.xci">
      <FileInfo>
        <Attr Name="ImportPath" Val="$PPRDIR/../../../../../../../../Desktop/Workplace/Reverse_Polish_Notation/Reverse_Polish_Notation.srcs/sources_1/ip/adder/adder.xci"/>
        <Attr Name="ImportTime" Val="1625085459"/>
        <Attr Name="UsedIn" Val="synthesis"/>
        <Attr Name="UsedIn" Val="implementation"/>
        <Attr Name="UsedIn" Val="simulation"/>
      </FileInfo>
    </File>
    <Config>
      <Option Name="TopModule" Val="adder"/>
      <Option Name="UseBlackboxStub" Val="1"/>
    </Config>
  </FileSet>
  <FileSet Name="utils" Type="Utils" RelSrcDir="$PSRCDIR/utils_1">
    <Filter Type="Utils"/>
    <Config>
      <Option Name="TopAutoSet" Val="TRUE"/>
    </Config>
  </FileSet>
  <Strategy Version="1" Minor="2">
    <StratHandle Name="Vivado Synthesis Defaults" Flow="Vivado Synthesis 2019"/>
    <Step Id="synth_design"/>
  </Strategy>
</GenRun>
